Plate_number_384,Well_number_384,Well_ID_384,Target_ID,Target_flag,Gene_symbol,Entrez_ID,TSS_ID,Is_main_TSS,Is_NT_ctrl,Is_pos_ctrl,Passes_cutoffs,Mean_logFC,p_value_log2_used,Hit_strength_log2_used,CellTiterGlo_raw,CellTiterGlo_foldNT,Raw_rep1,Raw_rep2,DeltaNT_rep1,DeltaNT_rep2,FoldNT_rep1,FoldNT_rep2,PercActivation_rep1,PercActivation_rep2,Raw_log2_rep1,Raw_log2_rep2,Log2FC_rep1,Log2FC_rep2,PercActivation_log2_rep1,PercActivation_log2_rep2,Raw_Glo_rep1,Raw_Glo_rep2,DeltaNT_Glo_rep1,DeltaNT_Glo_rep2,FoldNT_Glo_rep1,FoldNT_Glo_rep2,PercActivation_Glo_rep1,PercActivation_Glo_rep2,Raw_log2_Glo_rep1,Raw_log2_Glo_rep2,Log2FC_Glo_rep1,Log2FC_Glo_rep2,PercActivation_log2_Glo_rep1,PercActivation_log2_Glo_rep2,SSMD_deltaNT,SSMD_act,SSMD_log2,SSMD_act_log2,SSMD_deltaNT_Glo,SSMD_act_Glo,SSMD_log2_Glo,SSMD_act_log2_Glo,p_value_deltaNT,p_value_act,p_value_log2,p_value_act_log2,p_value_deltaNT_Glo,p_value_act_Glo,p_value_log2_Glo,p_value_act_log2_Glo,Hit_strength_deltaNT,Hit_strength_act,Hit_strength_log2,Hit_strength_act_log2,Hit_strength_deltaNT_Glo,Hit_strength_act_Glo,Hit_strength_log2_Glo,Hit_strength_act_log2_Glo
VIII,186,PlateVIII_H18,MITF_2,,MITF,4286,P2,Other,FALSE,FALSE,TRUE,1.41466006124811,0.0231391803806852,2.31389159864428,324932,1.28041927729834,1615.189,1842.217,990.835,1171.6795,2.58697629870234,2.74737356225416,0.571499186444158,0.666064562266785,10.6574872752215,10.8472272952687,1.37126699421298,1.45805312828324,0.715250419860024,0.785025610738073,1261.45320414733,1438.76075021851,634.031488731972,760.090003022221,2.01053481757838,2.11996871260813,0.363524939027907,0.43045511237665,10.3008709726277,10.4906109926748,1.00758537277111,1.08406189566429,0.525245661038367,0.586416333263239,11.8473280647761,12.9435318645856,27.5005160543399,19.85273730045,10.7871648562108,11.525368140129,20.7642156791182,15.8751937219576,0.0536082327260731,0.0490868841530234,0.0231391803806852,0.0320400237388387,0.0588482205727691,0.0550984064994861,0.0306357958153637,0.0400486296785785,1.79770545775381,1.85183887457033,2.31389159864428,2.11393667378677,1.28664195426245,1.31654654541002,1.58313731464098,1.46144685122438
V,157,PlateV_G13,ATMIN,,ATMIN,23300,,Single,FALSE,FALSE,TRUE,0.881895944636782,0.0351745693802616,1.28207493510197,188604,0.923795809210333,988.777,1104,434.9935,523.518,1.7854937895405,1.90186775817338,0.300684811250066,0.324028636090597,9.94950137479304,10.1085244567782,0.836324367569485,0.927467521704079,0.451353859656856,0.483133521879949,1070.3415085258,1195.06928803207,522.118987873995,616.630500693473,1.95238515056482,2.06602550553465,0.373799422384128,0.390920156612451,10.063855468249,10.2228785502341,0.965251809153147,1.0468658244914,0.528338548868496,0.55156582966909,10.6897085685807,25.0634587070473,18.0804435969321,25.7027126233067,11.8572446112467,34.9184528318356,21.66854312538,31.9187709103633,0.0593816373532686,0.0253868505822141,0.0351745693802616,0.0247560969273092,0.0535636100353717,0.0182266328093642,0.0293590753167577,0.0199384746872815,1.08151117940402,1.40696900564573,1.28207493510197,1.41660517618283,1.27883170525699,1.74983161661015,1.54154129521487,1.71060992383385
VI,83,PlateVI_D11,ZNF14,,ZNF14,7561,,Single,FALSE,FALSE,TRUE,0.752299408032542,0.0253914063437543,1.20015320936141,260408,1.21160574704087,963.379,990.367,381.5365,412.4545,1.65573845155691,1.71369714273355,0.245125819751782,0.255541921707568,9.91195966577968,9.95181943311373,0.727480656686001,0.777118159379082,0.387424585268378,0.404056394019056,795.125809161009,817.40038161654,215.673337650547,246.736796711264,1.37220194624134,1.43236821699815,0.134699452288897,0.150477481377234,9.63503933934484,9.67489910667888,0.45653148606649,0.518423688892607,0.238772025906535,0.26537290437594,23.5360518250109,37.3197686952417,25.0589570149633,32.5958198021776,14.3211542495039,17.0509788779511,14.832146124919,17.3946934991052,0.027032448330067,0.0170544324552185,0.0253914063437543,0.0195245943417385,0.0443810677121261,0.0372935410213455,0.0428567640380876,0.0365582656106524,1.17969169918641,1.33018777407294,1.20015320936141,1.28599413488494,0.659460779017401,0.69629659619112,0.666859894349585,0.700512320760362
VIII,40,PlateVIII_B16,HNF4A,,HNF4A,3172,,Single,FALSE,FALSE,TRUE,0.649359850839225,0.0287964251911719,1.00044367152286,294764,1.16153997714466,972.494,1059.06,348.14,388.5225,1.55760033570699,1.57941949555394,0.200802077811814,0.220863358020087,9.92554553889983,10.0485686107727,0.639325257891265,0.659394443787185,0.333470914901072,0.35502240344343,837.245397606221,911.772320229064,209.823682190863,233.101573032778,1.33442209129144,1.34346783620152,0.120303396015224,0.132010371687608,9.70950673013767,9.83252980201051,0.416221130281121,0.425980704999962,0.216972525227702,0.230431531692103,15.5513631814667,17.1915215747948,22.0925174894675,19.0459875891582,12.0379300615645,12.5654224059469,12.7056517032805,12.2093614254927,0.0408803065244985,0.0369893504866497,0.0287964251911719,0.0333947368424226,0.0527633420134596,0.0505578578672451,0.0500021673870299,0.0520258105160765,0.901626968655603,0.929833496993441,1.00044367152286,0.958664217163665,0.538027042669378,0.545835782776765,0.54785699771075,0.540601418268089
V,323,PlateV_N11,TFEC,,TFEC,22797,,Single,FALSE,FALSE,TRUE,0.574742767240982,0.0193268854540299,0.985016067888411,188100,0.921327181355982,823.948,865.452,270.1645,284.97,1.48785220216926,1.4909196150785,0.186748449549173,0.176380641022348,9.68640948044855,9.75730999633106,0.573232473224994,0.576253061256971,0.309366436401544,0.300179967992466,894.305537352472,939.353595023923,346.083016700667,360.914807685329,1.63128201353201,1.62394641504921,0.247770402425751,0.228806186177023,9.80462399871797,9.87552451460048,0.706020339622107,0.699511788857745,0.386446063265968,0.368554203564795,26.9997653697866,26.7828747551964,32.9294744772704,30.6186866875654,31.2785280536267,20.3930030827911,31.3949710188449,24.8205430303762,0.0235679423592161,0.0237586216504112,0.0193268854540299,0.0207844827206012,0.0203463219514295,0.0311925732007965,0.0202709091718903,0.0256350414514101,0.935496349094907,0.933484994113644,0.985016067888411,0.966867215713501,1.18873869801594,1.05832970906149,1.18987203802823,1.11821745048948
X,132,PlateX_F12,TFAP2A_1,,TFAP2A,7020,P2,Other,FALSE,FALSE,TRUE,-0.579401498546748,0.0319529960897969,-0.866488227981149,202144,0.856107064204642,505.262,532.567,-253.657,-259.077,0.665765384711675,0.672735472005093,-0.142707410903862,-0.132198195495167,8.98088787087237,9.05681922588739,-0.586914232824679,-0.571888764268817,-0.337160993967146,-0.318202948169651,590.185528336236,622.079903633054,-177.578601877045,-168.024844359169,0.768706826890031,0.787338520890875,-0.0992095455414894,-0.0831375632976258,9.20502473532689,9.28095609034191,-0.379494613783182,-0.344944030432888,-0.21858887420697,-0.188386428541451,-17.5965558778834,-14.1369592841116,-19.9068997970865,-17.4286111966502,-10.1582555859136,-8.25257588780306,-10.8457253725581,-9.29357474967994,0.0361397858629633,0.0449574145263238,0.0319529960897969,0.0364872756809668,0.0624689131513254,0.0767676751425577,0.0585322673781976,0.0682385179682323,-0.835505318810475,-0.780568929821935,-0.866488227981149,-0.83309740551053,-0.436233787601207,-0.403809928392711,-0.446473221544397,-0.422337012928686
IX,109,PlateIX_E13,ONECUT2,,ONECUT2,9480,,Single,FALSE,FALSE,TRUE,-0.621954907734089,0.0414308585516065,-0.859962165636284,229968,0.884363054630477,425.3,405.093,-233.088,-214.798,0.645971676275995,0.653490694331745,-0.13250073188964,-0.120463069285136,8.7323370447384,8.66210934526923,-0.630149327443981,-0.613760488024198,-0.335753471299307,-0.313986323554538,480.911089368956,458.061876147986,-188.331982809849,-167.696662881487,0.718589566871854,0.73201058807511,-0.101548890436088,-0.0902795771517322,8.90962638359729,8.83939868412812,-0.47407567077977,-0.450063418560129,-0.247217003311878,-0.226331860432834,-11.0918794632106,-10.6175381317336,-15.3441365933754,-13.6510905774107,-7.85700429631984,-7.8254439356758,-10.2404645911765,-9.33302747160351,0.057240371090136,0.0597829104336772,0.0414308585516065,0.046551935337118,0.0805924573658515,0.0809140080369576,0.0619705961825818,0.0679522496069861,-0.772653063913678,-0.760913905413479,-0.859962165636284,-0.828482659436066,-0.505368049444482,-0.504568985134747,-0.558094215540051,-0.539603040412656
XI,43,PlateXI_B19,ZNF514_1,,ZNF514,84874,P2,Other,FALSE,FALSE,TRUE,-0.498516711876507,0.0234190662744655,-0.81279681410334,220168,0.932820391146663,527.16,598.422,-214.7115,-250.3065,0.710581279911683,0.705080599979852,-0.120139190611852,-0.120504314067587,9.04209709503919,9.22501940428415,-0.492905834676911,-0.504127589076102,-0.278574953417547,-0.282344742215114,565.124867555685,641.518995167327,-193.102797786754,-215.62189029626,0.745323460731886,0.748440549327383,-0.107578713702509,-0.105941663268534,9.14242586420479,9.32534817344975,-0.424061408926869,-0.418040101991426,-0.242104784961851,-0.238243269095428,-10.9142552257037,-23.5636000790814,-27.1715605504991,-28.2409831415657,-13.9456295242324,-19.4682283540558,-23.1540031603819,-23.0381623304443,0.0581667957112425,0.0270008825470215,0.0234190662744655,0.0225329938806073,0.0455721256540654,0.0326717332072796,0.0274779433262338,0.0276159354997395,-0.615830087271406,-0.781984301717896,-0.81279681410334,-0.821147306457052,-0.564755678855681,-0.625608928605036,-0.657266871997135,-0.65635086082242
VI,347,PlateVI_O11,TP63,,TP63,8626,,Single,FALSE,FALSE,TRUE,0.556054836973435,0.0489447065885635,0.728595467046214,271692,1.26410704980272,832.421,873.171,250.5785,295.2585,1.43066379647413,1.51090519758614,0.160989211319682,0.182931509998058,9.70116955106818,9.77012040570702,0.5166905419745,0.595419131972371,0.275166930002602,0.309583432700812,658.50514806472,690.741341990195,79.052676554258,120.077757084919,1.13642650681632,1.21041776672126,0.0493725944515371,0.0732318758142532,9.36305090900885,9.43200176364768,0.184543055730499,0.275526345861406,0.0965184672439794,0.141037587980432,11.694738675721,14.625683271255,12.9812802464145,15.1108972460831,4.74567829170202,5.00512560520134,4.91327364141343,5.16628719254761,0.0543043302172382,0.0434598849111105,0.0489447065885635,0.042068505161049,0.132213067665171,0.125540537594786,0.127825452783065,0.121720530841869,0.703501417237663,0.757297437122653,0.728595467046214,0.765155321375727,0.202137384610047,0.207310956576487,0.20550901294498,0.210398055928393
VI,315,PlateVI_N3,NR2F2,,NR2F2,7026,,Single,FALSE,FALSE,TRUE,0.44878412362957,0.0239743629446826,0.727143788659591,214324,0.997189756569642,794.575,788.359,212.7325,210.4465,1.36561870265579,1.36414941708304,0.136674285292091,0.130385055870724,9.63403959188005,9.62270893820741,0.44956058278637,0.448007664472769,0.239416430853908,0.232938014914491,796.814241988765,790.580724286594,217.361770478302,219.917139381318,1.37511578803298,1.38537090012117,0.135753968250873,0.134120964877859,9.63809962365529,9.62676896998265,0.459591770376942,0.470293552196377,0.240372595214366,0.240735847010039,30.9161797610336,25.343810941717,26.5416351820927,25.0716530130547,47.6697384274153,46.6657682156499,37.8160002674975,41.7926758602384,0.0205846226488953,0.0251063149553128,0.0239743629446826,0.0253785620477364,0.0133528404776437,0.0136400273260602,0.0168307446332886,0.0152299010760972,0.756855167151729,0.7181519962192,0.727143788659591,0.716049874064701,0.871500770604112,0.867203965931321,0.82476023829491,0.844941654854294
V,92,PlateV_D20,HES2_1,,HES2,54626,P1,Main,FALSE,FALSE,TRUE,-0.453403906802139,0.0311800830063136,-0.682881931258924,168488,0.825266210166436,400.576,428.008,-153.2075,-152.474,0.723344050517937,0.737332079203145,-0.105903118597392,-0.0943729580630995,8.64593217628179,8.74149395241158,-0.467244830941764,-0.439562982662514,-0.252166224049138,-0.228975793687743,485.390041498504,518.630224680689,-62.8324791533009,-59.8085626579045,0.885388730330529,0.896603471331712,-0.0449835094297218,-0.0379163415606261,8.92300069952438,9.01856247565416,-0.175602959571489,-0.157450250088578,-0.0961177300650811,-0.0829563596308093,-21.3978837773911,-13.8441328800406,-20.4011852487255,-16.505755961732,-7.07984574131361,-5.39127244750597,-6.95757836061282,-6.41855072964366,0.0297298985300228,0.0459050796399799,0.0311800830063136,0.0385224750338844,0.0893290825275712,0.116756477018155,0.0908778265658884,0.0983933318529128,-0.692260065159484,-0.606717565981175,-0.682881931258924,-0.641242715046827,-0.174687595218171,-0.155322531291894,-0.173444464387635,-0.167698008395989
VII,123,PlateVII_F3,ZBTB10,,ZBTB10,65986,,Single,FALSE,FALSE,TRUE,0.480544322237842,0.039035101073965,0.676868154250695,209200,0.858643900837301,849.12,880.379,242.421,247.4585,1.39957375898098,1.39097880381501,0.149865679683059,0.1453135423224,9.72982464363689,9.78198092228589,0.484988184241944,0.47610046023374,0.25875819943462,0.252727302752575,988.908206500956,1025.31328661568,390.058949504375,393.547243446433,1.65134747175048,1.62293193453736,0.2347444354076,0.228709167574115,9.94969280158626,10.0018490802353,0.723804289270463,0.698603609262683,0.37767190238624,0.368377160510442,19.127996132426,18.3098933692021,16.2884615870257,16.2006484883823,33.739482349519,31.2358362582004,23.6657222282992,24.8394507182455,0.0332518225123948,0.034734660327019,0.039035101073965,0.0392461505472251,0.0188631659626733,0.0203741114564615,0.0268845073146477,0.0256155492256837,0.710333190938972,0.701228028127811,0.676868154250695,0.675742836106774,1.22638971664472,1.20258992236552,1.11694432159122,1.13187847367003
X,324,PlateX_N12,LHX8_1,,LHX8,431707,P1P2,Other,FALSE,FALSE,TRUE,0.462623028632017,0.0386734389090808,0.653495372368708,235904,0.999085210909707,1046.571,1090.143,287.652,298.499,1.37902859198412,1.37706216430618,0.161832995585841,0.152313903422967,10.0314544728666,10.0903016782507,0.463652369169573,0.46159368809446,0.266351512540559,0.256833988679515,1047.52926834645,1091.14116403283,279.765138133165,301.036416040604,1.3643894356662,1.38100823568721,0.15629908062775,0.148950794681099,10.0327748385708,10.0916220439549,0.448255489460763,0.465721923180084,0.258195134369691,0.254347610223166,19.1454245313126,16.5959554641525,16.4411669865022,15.46057815606,14.9036956887626,18.1160473293433,15.2906476646358,16.0462051905594,0.0332216077732605,0.0383136108241296,0.0386734389090808,0.0411196918765805,0.0426516341683936,0.0351055804774214,0.0415753787573925,0.0396229211205686,0.684024858596992,0.655373487005175,0.653495372368708,0.641172455145296,0.62610392321969,0.664746667477224,0.631176251601725,0.64072261978431
II,267,PlateII_L3,ZBTB1,,ZBTB1,22890,,Single,FALSE,FALSE,TRUE,0.450624298571373,0.0358882640357847,0.651173537978597,288044,1.02961109522448,841.417,863.105,224.0435,233.2105,1.36289782441261,1.37023739689742,0.13862259406563,0.137990255320773,9.71667715640524,9.75339226918438,0.446799437055518,0.454449160087229,0.240849164690626,0.24160959199842,817.218271930677,838.282536001444,196.490270215572,189.154935253451,1.3165481010566,1.29139869424053,0.117291164473221,0.111312353690467,9.67457765097885,9.71129276375799,0.396783417344803,0.368942164170527,0.21026437235028,0.198882055658122,18.31497200427,20.9321404512104,17.7201452433401,18.0447258322703,19.4138632205486,18.574228652263,15.5984282727067,16.4777647063513,0.0347250477038865,0.0303903997251241,0.0358882640357847,0.0352440519569568,0.0327630634539557,0.0342413008756299,0.0407572957761279,0.038587754246785,0.657621791621297,0.683715839912101,0.651173537978597,0.654718427474412,0.568404032404047,0.56106617878624,0.532100654031853,0.541195887784364
V,305,PlateV_M17,ZNF710,,ZNF710,374655,,Single,FALSE,FALSE,TRUE,-0.498439691600686,0.0496059219324695,-0.650197867271429,182272,0.892781222754479,401.583,401.095,-152.2005,-179.387,0.725162450668899,0.690968884478761,-0.105207040138912,-0.111030613928048,8.6495543875126,8.64780017158368,-0.463622619710961,-0.533256763490412,-0.250211361697982,-0.277782469124161,449.811207678634,449.264601200404,-98.4113129731712,-129.17418613819,0.820490203765862,0.776684778120564,-0.0704553804779701,-0.0818914942070457,8.81317579811354,8.81142158218462,-0.285427860982326,-0.364591143558116,-0.156231296795336,-0.192093400970781,-10.8000020999521,-20.5941666882684,-12.8075596906593,-16.1255036710316,-6.47009053616113,-8.55284943300875,-7.16570479387074,-8.00958391729725,0.0587786686955975,0.0308883647809718,0.0496059219324695,0.0394285712894879,0.0976218218458088,0.0740972247474064,0.0882724941305824,0.0790730925853416,-0.613469730572067,-0.752746155567691,-0.650197867271429,-0.6999035119128,-0.328406856393831,-0.3673251082552,-0.342616762796737,-0.358151135737615
V,234,PlateV_J18,ZBTB34,,ZBTB34,403341,,Single,FALSE,FALSE,TRUE,-0.413363967249193,0.0267915730367252,-0.649808895005694,194324,0.95181277612876,415.591,436.091,-138.1925,-144.391,0.750457534397468,0.751256714247815,-0.0955241533003935,-0.0893700289078073,8.69902060148567,8.76848540631359,-0.414156405737891,-0.412571528760495,-0.223515061237143,-0.214915488739939,436.631037555835,458.168886714971,-111.591483095971,-120.269900623623,0.796448560771829,0.792078430326246,-0.0798914287605429,-0.0762465177033504,8.77027087653117,8.8397356813591,-0.328332782564694,-0.336277044383637,-0.179715659935803,-0.177175453286233,-18.166596652954,-17.3011415495004,-23.7479111059604,-22.3191018927791,-12.1155857029454,-11.0466231326612,-14.7689473341153,-14.4310580729516,0.035008094795591,0.0367555082094399,0.0267915730367252,0.0285044753087219,0.0524266837516851,0.0574736066104266,0.0430395981699645,0.0440441527038463,-0.601788294279,-0.593044011227388,-0.649808895005694,-0.638683270895974,-0.425499033147122,-0.412234729039907,-0.453972306941715,-0.450642594523556
VIII,185,PlateVIII_H17,ZNF852,,ZNF852,285346,,Single,FALSE,FALSE,TRUE,0.478917582240525,0.0457159510773631,0.641717109088825,287008,1.13097686881822,857.835,947.954,233.481,277.4165,1.37395612104671,1.41372257330873,0.134668437782445,0.157702938079981,9.74455636946506,9.88867324301004,0.458336088456491,0.499499076024559,0.23906728674211,0.268933662027102,758.490313684636,838.172756787267,131.068598269279,159.502009590981,1.20890032182343,1.23502119437137,0.075148797876906,0.0903293757183913,9.56698694639948,9.71110381994447,0.273701346542929,0.304554722933915,0.14267817752917,0.1647469250743,10.1302674633437,10.8231324732157,13.9016051661743,12.1984448383129,7.21837756355013,7.42567438431751,7.9803398990447,7.57128256254277,0.0626403933179041,0.0586537618241122,0.0457159510773631,0.0520721619680364,0.0876365023543551,0.0852195531398753,0.0793598693536735,0.0835995985551366,0.57620754544444,0.589884763351042,0.641717109088825,0.614640138612615,0.305699397588563,0.309211084128767,0.318156216434752,0.311620983826745
VI,37,PlateVI_B13,KLF11,,KLF11,8462,,Single,FALSE,FALSE,TRUE,-0.404918930313232,0.0280937950682163,-0.628187013236771,211536,0.984217970669247,441.242,434.712,-140.6005,-143.2005,0.758352990714841,0.752210758549088,-0.090331627039642,-0.0887218613434561,8.78542631141077,8.76391611079109,-0.39905269768291,-0.410785162943554,-0.212518126054806,-0.213584471875064,448.317357688526,441.682648513728,-131.135113821936,-128.980936391548,0.773691337479145,0.773980783419084,-0.081900842264877,-0.0786616617893024,8.80837654766516,8.78686634704548,-0.370131305613185,-0.369609070740793,-0.193583584900472,-0.189197049995327,-20.6492726521923,-20.8040112086741,-22.6457999319418,-24.0417829818021,-28.6802445360335,-24.9933796387199,-33.4044481716981,-31.0853631618078,0.0308060629147636,0.0305772834572215,0.0280937950682163,0.026464468908465,0.0221881642379896,0.0254579571488651,0.0190522441104773,0.0204726674065363,-0.611979814005326,-0.613290657562904,-0.628187013236771,-0.63869353670322,-0.611720399400984,-0.589638343126707,-0.636196645850951,-0.624646230982445
V,34,PlateV_B10,HMG20B_2,,HMG20B,10362,P2,Other,FALSE,FALSE,TRUE,-0.434367328515369,0.0414800394467772,-0.600365511335093,166880,0.817390111773983,403.501,436.268,-150.2825,-144.214,0.728625898026936,0.751561633263391,-0.103881242240833,-0.0892604757146257,8.65642843872574,8.76907084654117,-0.456748568497813,-0.411986088532924,-0.246501521752089,-0.214610523021596,493.645560654362,533.732906375839,-54.5769599974429,-44.705880962755,0.900447431578415,0.922712857537705,-0.039073154963384,-0.0283418189139258,8.94733174288596,9.05997415070138,-0.151271916209907,-0.116038575041358,-0.0827999325533703,-0.0611376466964142,-18.9951537544314,-11.3396843261973,-15.3258922851625,-12.6488368097948,-5.03795244014671,-3.88148855958506,-4.72297645984206,-4.39125461742383,0.0334839415769842,0.0559960166890461,0.0414800394467772,0.0502258338238084,0.124743370510306,0.160523530139484,0.132830330802726,0.142543592760639,-0.640762795824791,-0.54375964129473,-0.600365511335093,-0.564274801048482,-0.120822006511428,-0.106183919935373,-0.117175920827838,-0.113079327856751
VIII,93,PlateVIII_D21,BNC2,,BNC2,54796,,Single,FALSE,FALSE,TRUE,-0.430418154148047,0.0415991300617168,-0.594371208762249,184456,0.726862907357056,461.543,499.464,-162.811,-171.0735,0.739232871095564,0.744871092220793,-0.0939070118073744,-0.0972501404120725,8.85032125367364,8.96423688602432,-0.435899027334928,-0.424937280961165,-0.227364155655787,-0.228789090082534,634.979437426812,687.150210781975,7.55772201145464,8.47946358568913,1.01204568127906,1.01249422289191,0.00433325549634547,0.00480210032517007,9.31056606354505,9.42448169589573,0.0172804636885022,0.0179325988851815,0.00900815833417097,0.00970052441303145,-12.7906739084279,-13.1810291404975,-15.2818924866946,-15.6985255453104,0.562518552708765,0.559732076105012,0.537059265799834,0.54879924679598,0.0496711445852286,0.0482058388528265,0.0415991300617168,0.0404981210216887,0.673793766314127,0.675142901492675,0.686239621708339,0.680467256318049,-0.56122043735181,-0.566817820155866,-0.594371208762249,-0.599385311123891,0.00301904493768813,0.0030037498433136,0.00287909412851943,0.00294368469987167
VI,269,PlateVI_L5,HOXA6,,HOXA6,3203,,Single,FALSE,FALSE,TRUE,0.356107217785516,0.0301866182112632,0.541349042455729,213876,0.995105337601429,744.479,739.962,162.6365,162.0495,1.2795198013208,1.28040490558692,0.10448909969049,0.100400021436911,9.54008734412521,9.53130737427414,0.355608335031533,0.3566061005395,0.189381546370154,0.185414500137681,748.140897117956,743.60167917859,168.688425607494,172.938094273314,1.29111693176107,1.30304736248769,0.105354879672806,0.105469833471494,9.54716618773672,9.53838621788565,0.368658334458376,0.381910800099378,0.192813201438498,0.195494111103217,24.0357426675403,21.8159601713035,21.0736617287433,20.671974940686,34.92620859474,37.9933503749453,29.0893219579536,32.8676963129143,0.0264711119127838,0.0291609654869632,0.0301866182112632,0.0307722839132128,0.0182225875883751,0.0167522163284641,0.0218763837694031,0.0193631899137537,0.561662209326489,0.546695124536352,0.541349042455729,0.538377232036635,0.652766206074256,0.666478268696037,0.622981563605784,0.64287113093481
VII,332,PlateVII_N20,SCRT2,,SCRT2,85508,,Single,FALSE,FALSE,TRUE,0.402475809569026,0.0475834357085887,0.532292048962616,252104,1.03473978000328,797.707,840.995,191.008,208.0745,1.31483157216346,1.32875297924463,0.118081947293765,0.122186316743867,9.63971512761496,9.71595341297019,0.394878668220016,0.410072950918035,0.2106816134984,0.217678073166373,770.925227207819,812.759899882588,172.075970211238,180.993856713343,1.28734438291575,1.2864887384662,0.103558389124973,0.105184205948,9.59044712829672,9.66668541365194,0.364558615980917,0.363439942679364,0.190222064264888,0.191643690821471,13.1445652277305,15.0161770526669,13.3540968090662,13.4829388249012,14.3333735781325,15.2908558673788,13.3388453860303,13.3539027206636,0.0483390524095828,0.0423330889787132,0.0475834357085887,0.0471303992999,0.0443433547675292,0.041574814268547,0.0476376390985104,0.0475841247232002,0.529538174200858,0.552728095132462,0.532292048962616,0.533964206095896,0.492553433961783,0.50274476897987,0.481225163558252,0.481402847882455
VIII,35,PlateVIII_B11,ZFP37,,ZFP37,7539,,Single,FALSE,FALSE,TRUE,0.38774954175812,0.0466436971527649,0.516174917065917,246452,0.971162864010718,820.755,873.15,196.401,202.6125,1.31456673617851,1.30216430848387,0.113281234228524,0.115179113505254,9.68080782342858,9.77008570808171,0.394587542420014,0.380911541096227,0.205816158763036,0.205085335634051,845.126013787675,899.076799944817,217.704298372317,220.406052748531,1.34698240915713,1.32476138637044,0.124821784404095,0.124820628908586,9.72302266242652,9.81230054707965,0.429737062569973,0.405751450069102,0.224018265451266,0.21948864591349,15.6299387191638,16.0448000276552,13.6241388165722,14.1537329179866,15.306498826149,15.3021468768578,11.9675364773466,12.8990720753188,0.040675351453904,0.0396263822398103,0.0466436971527649,0.0449043119983955,0.0415324460941048,0.0415442244716088,0.053072266561452,0.0492554007999716,0.539231145683118,0.54363089695096,0.516174917065917,0.52257469230182,0.577160682130871,0.57710923855089,0.532679221327903,0.546219890963983
V,278,PlateV_L14,ZNF397,,ZNF397,84307,,Single,FALSE,FALSE,TRUE,-0.368255475184071,0.0396739610279123,-0.516108000094676,200564,0.982376740039772,433.517,445.036,-120.2665,-135.446,0.782827585148348,0.766666322125406,-0.0831329890037576,-0.0838335695122747,8.75994475838864,8.79777823354087,-0.353232248834919,-0.383278701533223,-0.190635051481583,-0.199656359495036,441.294039578389,453.019683652101,-106.928481073416,-125.419103686493,0.804954234739783,0.783176532363004,-0.0765530566593783,-0.0795109155323624,8.78559645118613,8.82342992633835,-0.313007207909738,-0.352582799404384,-0.171327080088562,-0.185766523016462,-12.2751949643191,-19.0491797101404,-16.0255085657291,-19.6798940795773,-9.23622711315654,-11.1689235211665,-11.2055365620238,-12.5187727212895,0.0517480197480207,0.0333891510562338,0.0396739610279123,0.0323209414569025,0.0686589423908526,0.0568476256174778,0.056662862347442,0.0507454600326556,-0.473615673676786,-0.543690403475065,-0.516108000094676,-0.548890676897635,-0.387141389747285,-0.414425514687421,-0.414896027156699,-0.430837345572034
III,53,PlateIII_C5,FOXB2,,FOXB2,442425,,Single,FALSE,FALSE,TRUE,0.333858399168817,0.0285203483618332,0.515759536787779,379604,1.17013655559323,718.03,778.164,144.0025,165.2705,1.25086341682236,1.26965614743834,0.0951972499049697,0.10261523068178,9.48790031230084,9.60393042860152,0.323048654540798,0.344668143796836,0.173482192500507,0.18537194018157,613.629235466433,665.019818653123,47.885606595176,61.7024157112136,1.08464188397617,1.10227189769488,0.0298128637532222,0.035627971805793,9.26122340934581,9.37725352564648,0.118083363160258,0.140920539834919,0.0608223622731202,0.0721667150352183,12.979154645312,21.4850485050148,22.3066635329217,21.9715178484084,6.07482001687685,8.56084523474624,8.39297307176173,8.66850785589419,0.0489526907249531,0.029609458710861,0.0285203483618332,0.0289547923573196,0.103864998542005,0.0740286406527839,0.075495616148983,0.0731173212726514,0.437429097511239,0.510325776923465,0.515759536787779,0.513567546422299,0.127369155452539,0.146414935534176,0.145311325191314,0.147111591612103
VI,31,PlateVI_B7,ZBTB7A_1,,ZBTB7A,51341,P2,Other,FALSE,FALSE,TRUE,0.35534254755079,0.0393637568561516,0.499221974335638,216788,1.00865406089481,751.65,732.126,169.8075,154.2135,1.29184444243932,1.26684575952242,0.10909625327459,0.0955451186573307,9.55391722826337,9.51594814966653,0.369438219169691,0.341246875931889,0.196746741688121,0.177428593702502,745.200985294389,725.844497518313,165.748513783927,155.180912613037,1.28604332871662,1.2719306378009,0.103518748620511,0.0946402530918665,9.54148577156687,9.50351669297004,0.362977918288527,0.347041275183761,0.189842268396063,0.177644951623579,15.7116552238676,12.8122043397677,16.1521230993749,14.2842761535413,23.326297577241,18.9276686480186,26.0287580484828,21.9160606667123,0.0404643692792629,0.0495880115778784,0.0393637568561516,0.0444952751871327,0.0272752329162436,0.0336031046945243,0.0244462999920244,0.0290279592127638,0.49496630854037,0.463588169172341,0.499221974335638,0.480311583304637,0.555317205404168,0.523149453154985,0.572199804297537,0.545714892959805
IV,223,PlateIV_J7,CLOCK,,CLOCK,9575,,Single,FALSE,FALSE,TRUE,0.365313360020519,0.0479830790267226,0.481816133093772,215768,1.07576331691363,701.424,748.962,152.1245,172.586,1.27694272432434,1.29943300900801,0.103522639463402,0.110187029883474,9.45414298462067,9.54874871246103,0.352744196564625,0.377882523476412,0.187845026932101,0.199481283198032,652.024463905676,696.214481591339,96.3968458425525,122.379685167976,1.17349181845673,1.21326640686614,0.0653427272430953,0.080031658643444,9.34878228504899,9.44338801288935,0.230810615604453,0.278896369642183,0.123434005328531,0.148847622533014,11.1750451011642,14.8580267601535,13.2424556168383,13.658052719248,6.49438835315849,6.92612666098989,6.99925711228067,7.02127700722123,0.0568166501863175,0.0427823382083792,0.0479830790267226,0.0465282900949615,0.0972622512333443,0.0912848838967404,0.0903439303257997,0.0900643679248366,0.455006694465118,0.500017358406725,0.481816133093772,0.486700745402342,0.257925925405665,0.264945979546129,0.26609279154757,0.266435817908506
